Time,Hx,Hy,Hz,Ax,Ay,Az,Heading,PID_Output,Integral,Setpoint
0,-0.05541667,-0.6604167,0.3108333,-0.03,-0.08,0.95,-31.59885,0,0,238
0.05,-0.04516667,-0.6630833,0.3239167,0.06,0.19,1.2,-62.89776,0,0,238
0.1,-0.05458333,-0.6808333,0.3708333,-0.09,0.09,0.98,-94.42565,1000,30.08978,238
0.15,-0.10975,-0.6893333,0.3580833,-0.26,-0.05,0.93,-95.84222,1000,30.08978,238
0.2,-0.1805833,-0.6483333,0.3239167,-0.13,-0.19,0.98,-99.73142,1000,63.474,238
0.25,-0.24975,-0.5695834,0.3491667,-0.11,-0.23,0.86,-106.0957,1000,97.24715,238
0.3,-0.34,-0.381,0.28875,-0.09,-0.36,0.91,-116.9954,1000,132.7467,238
0.35,-0.296,-0.2664167,0.3466667,-0.1,-0.27,0.94,-127.8109,1000,132.7467,238
0.4,-0.1839167,-0.145,0.36875,-0.22,-0.25,0.84,-137.168,1000,169.3278,238
0.45,-0.04433333,-0.1180833,0.3576667,0.02,-0.51,0.99,-130.1123,1000,169.3278,238
0.5,0.065,-0.1651667,0.381,-0.21,-0.23,0.82,-106.9481,1000,206.139,238
0.5500001,0.2118333,-0.25225,0.386,-0.27,-0.23,0.93,-76.35792,1000,206.139,238
0.6000001,0.2264167,-0.4104167,0.3830833,-0.2,-0.29,0.9700001,-59.87038,1000,237.5748,238
0.6500001,0.15475,-0.5514167,0.3508333,-0.14,-0.37,0.87,-61.80552,1000,267.3618,238
0.7000001,0.004333333,-0.6439167,0.3389167,0.13,-0.55,0.91,-75.0179,1000,267.3618,238
0.7500001,-0.1105833,-0.6755834,0.3185,-0.12,-0.29,0.94,-87.74473,1000,298.6636,238
0.8000001,-0.23375,-0.5885,0.3555833,-0.13,-0.39,0.99,-100.1911,1000,332.4827,238
0.8500002,-0.3201667,-0.4516666,0.2951667,-0.13,-0.13,0.89,-112.0967,1000,332.4827,238
0.9000002,-0.286,-0.3014167,0.336,0.06,-0.59,0.88,-123.4968,1000,367.4924,238
0.9500002,-0.23375,-0.1825,0.3635,-0.15,-0.31,1.02,-133.6156,1000,367.4924,238
1.0,-0.1029167,-0.1441667,0.3643333,-0.21,-0.08,1.02,-133.6792,1000,404.654,238
1.05,0.05291667,-0.1470833,0.3614167,-0.17,-0.05,0.93,-112.5846,1000,404.654,238
1.1,0.1745833,-0.25475,0.3630833,-0.19,-0.01,0.89,-83.77044,1000,439.7124,238
1.15,0.2180833,-0.3776667,0.3389167,-0.24,0.03,0.94,-61.92834,1000,471.8894,238
1.2,0.19625,-0.52125,0.3870833,-0.23,-0.04,0.95,-61.64704,1000,471.8894,238
1.25,0.09875,-0.6180834,0.35725,-0.25,-0.12,1.05,-70.09571,1000,501.8541,238
1.3,-0.05708333,-0.6568334,0.3695833,0.02,-0.39,0.79,-81.75277,1000,533.8294,238
1.35,-0.1733333,-0.6391666,0.33725,-0.23,-0.02,0.95,-93.6875,1000,533.8294,238
1.4,-0.2791667,-0.53625,0.3230834,-0.09,-0.55,1.09,-105.8803,1000,566.9982,238
1.45,-0.31725,-0.4018333,0.3329167,0.02,-0.46,0.79,-116.9884,1000,566.9982,238
1.5,-0.2818333,-0.2535,0.3270833,-0.16,0.09,1.02,-127.9407,1000,602.497,238
1.55,-0.1945833,-0.1885,0.3875,-0.09,-0.64,1.08,-134.0769,1000,602.497,238
1.6,-0.0485,-0.10725,0.3768333,-0.11,0.21,0.78,-129.4242,1000,639.7047,238
1.65,0.05183333,-0.1185,0.3785,-0.14,-0.66,1.03,-105.5393,1000,676.4471,238
1.699999,0.1543333,-0.2133333,0.3679167,-0.05,0.03,0.84,-78.27487,1000,676.4471,238
1.749999,0.2164167,-0.33475,0.3666667,-0.1,-0.56,1.02,-59.2029,1000,708.0746,238
1.799999,0.2079167,-0.4743333,0.3618333,-0.08,0.23,0.82,-59.18811,1000,708.0746,238
1.849999,0.146,-0.5783333,0.3695833,-0.09,-0.39,0.94,-66.42649,1000,737.7935,238
1.899999,0.02541667,-0.6575,0.3426666,-0.24,-0.18,1.04,-76.6495,1000,768.2361,238
1.949999,-0.08433333,-0.6695833,0.3189167,-0.16,0.07,1.12,-86.93217,1000,768.2361,238
1.999999,-0.2095833,-0.6233334,0.31375,0.08,-0.01,0.8,-97.84966,1000,800.7293,238
2.049999,-0.2830833,-0.5483334,0.3279166,0.1,-0.66,1.15,-107.6894,1000,835.2983,238
2.099999,-0.3154167,-0.4285,0.3205833,-0.04,-0.43,1.06,-117.4154,1000,835.2983,238
2.149999,-0.29225,-0.2976667,0.32875,-0.15,-0.04,0.71,-126.0453,1000,870.8398,238
2.199999,-0.2758333,-0.2105833,0.3351667,-0.19,-0.37,0.84,-134.4903,1000,870.8398,238
2.249999,-0.16375,-0.1579167,0.37725,0.1,-0.29,1.23,-137.7177,1000,908.0889,238
2.299999,-0.07,-0.1116667,0.3818333,0.04,0.07,1.02,-133.5871,1000,908.0889,238
2.349999,0.05291667,-0.145,0.3635,-0.2,-0.3,0.62,-109.3573,1000,945.2476,238
2.399999,0.1493333,-0.2033333,0.4205833,-0.01,-0.47,0.98,-81.91282,1000,979.9833,238
2.449999,0.2118333,-0.2804167,0.37625,0.08,-0.92,1.16,-58.86267,1000,979.9833,238
2.499999,0.2341667,-0.3785,0.3691667,-0.25,0.02,0.91,-54.96445,1000,1009.67,238
2.549999,0.19225,-0.5325,0.3758333,0.11,0.64,1.24,-60.44555,1000,1038.966,238
2.599999,0.1101667,-0.5993333,0.36225,-0.1,0.06,0.75,-69.32977,1000,1038.966,238
2.649999,0.01308333,-0.6716667,0.3508333,-0.11,-0.22,0.85,-79.53909,1000,1069.699,238
2.699999,-0.04641667,-0.6608334,0.35125,0.08,-1.07,1.06,-87.49545,1000,1101.453,238
2.749999,-0.141,-0.6330833,0.3230834,0.02,-0.34,1.11,-95.15262,1000,1101.453,238
2.799999,-0.2441667,-0.58475,0.3295834,-0.08,0.31,0.92,-103.079,1000,1134.768,238
2.849998,-0.2985,-0.51,0.3143333,-0.11,0.57,0.83,-111.8531,1000,1134.768,238
2.899998,-0.3285,-0.44375,0.3205833,-0.13,-0.14,0.71,-119.8385,1000,1169.754,238
2.949998,-0.2943333,-0.3439167,0.3345833,-0.18,-0.56,0.72,-125.8033,1000,1205.537,238
2.999998,-0.2885,-0.2820833,0.32225,-0.06,-0.66,1.06,-130.9047,1000,1205.537,238
3.049998,-0.2695833,-0.1895833,0.35375,0.12,-0.73,1.3,-137.0285,1000,1242.428,238
3.099998,-0.1855833,-0.1543333,0.3545833,-0.1,-0.2,1.06,-140.2601,1000,1242.428,238
3.149998,-0.1020833,-0.12975,0.3843333,0.11,-0.79,1.06,-137.7769,1000,1280.254,238
3.199998,-0.01683333,-0.1043333,0.3666667,-0.1,-0.7,1.07,-122.5375,1000,1317.832,238
3.249998,0.03041667,-0.1405833,0.3916667,0.04,-0.3,1.22,-101.7171,1000,1317.832,238
3.299998,0.1020833,-0.1714167,0.3776667,-0.07,0.26,1.0,-78.72729,1000,1351.803,238
3.349998,0.1489167,-0.2226667,0.3780833,0.0,0.49,0.92,-64.41418,1000,1351.803,238
3.399998,0.221,-0.27,0.37625,-0.15,0.51,0.73,-55.38332,1000,1382.045,238
3.449998,0.1983333,-0.3645833,0.3868333,-0.02,-0.26,0.91,-56.12624,1000,1411.383,238
3.499998,0.2341667,-0.4168334,0.341,-0.18,-0.46,0.92,-57.60888,1000,1411.383,238
3.549998,0.21,-0.4814167,0.3818333,0.03,-0.67,1.11,-62.85339,1000,1440.944,238
3.599998,0.1814167,-0.5445833,0.3568333,0.03,-0.69,1.09,-66.22731,1000,1440.944,238
3.649998,0.12225,-0.5980833,0.3545833,0.04,-0.35,1.15,-72.15195,1000,1471.367,238
3.699998,0.1068333,-0.61975,0.3435,-0.02,-0.21,1.1,-76.74755,1000,1502.382,238
3.749998,-0.004333333,-0.65125,0.3508333,0.04,0.15,0.98,-83.01611,1000,1502.382,238
3.799998,0.01016667,-0.6664166,0.33125,-0.14,-0.68,1.04,-86.57553,1000,1534.483,238
3.849998,-0.1270833,-0.6764167,0.32225,0.1,-0.3,1.27,-93.38258,1000,1534.483,238
3.899998,-0.1505833,-0.6518333,0.3139167,-0.08,-0.32,1.01,-97.59149,1000,1567.622,238
3.949997,-0.19375,-0.615,0.3564167,-0.05,0.15,1.09,-103.7117,1000,1601.181,238
3.999997,-0.2354167,-0.5825,0.3168334,0.01,0.12,1.06,-107.5002,1000,1601.181,238
4.049997,-0.2901667,-0.5316667,0.2845833,-0.07,0.06,0.89,-112.7056,1000,1635.731,238
4.099998,-0.2889167,-0.4935,0.3389167,-0.01,0.49,0.9,-116.9923,1000,1635.731,238
4.149998,-0.3189167,-0.4529167,0.3304167,-0.03,0.3,0.75,-121.3739,1000,1671.23,238
4.199998,-0.34125,-0.4308333,0.3164167,-0.1,0.41,0.77,-124.6264,1000,1707.168,238
4.249998,-0.3335,-0.3629167,0.3258333,-0.01,0.06,0.75,-128.7046,1000,1707.168,238
4.299998,-0.3154167,-0.32225,0.3133333,-0.15,0.11,0.78,-131.783,1000,1743.838,238
4.349998,-0.30375,-0.2954166,0.3295834,-0.0,-0.58,0.9,-134.2547,1000,1743.838,238
4.399999,-0.2530833,-0.2680833,0.3193333,-0.05,0.44,0.8,-134.5114,1000,1781.063,238
4.449999,-0.2468333,-0.2245833,0.36475,-0.02,0.5,0.74,-135.6168,1000,1818.315,238
4.499999,-0.2239167,-0.19125,0.34225,-0.02,0.17,0.72,-136.8509,1000,1818.315,238
4.549999,-0.1954167,-0.1755833,0.3589167,-0.14,-0.3,0.73,-138.4204,1000,1855.8,238
4.599999,-0.1805833,-0.1493333,0.3393333,-0.01,-0.48,0.83,-139.3233,1000,1855.8,238
4.65,-0.1691667,-0.1358333,0.3655833,-0.16,-0.54,0.99,-139.9027,1000,1893.532,238
4.7,-0.1064167,-0.1333333,0.3733333,0.05,-0.6,1.16,-136.7474,1000,1931.322,238
4.75,-0.09291667,-0.1155833,0.33125,-0.13,-0.64,1.03,-132.8756,1000,1931.322,238
4.8,-0.05291667,-0.1176667,0.3793334,0.06,-0.42,1.23,-123.868,1000,1968.41,238
4.85,-0.03416667,-0.1151667,0.3545833,0.04,-0.36,1.18,-116.5113,1000,1968.41,238
4.900001,0.006416667,-0.1208333,0.3541667,-0.02,-0.28,1.18,-102.5662,1000,2003.861,238
4.950001,0.02416667,-0.116,0.3651667,0.08,-0.05,1.25,-90.57202,1000,2037.918,238
5.000001,0.0625,-0.12,0.366,-0.09,-0.09,1.08,-75.89332,1000,2037.918,238
5.050001,0.07891667,-0.1426667,0.3716667,-0.08,-0.39,1.08,-67.25678,1000,2069.307,238
5.100001,0.1004167,-0.17125,0.386,0.0,0.0,1.16,-61.05078,1000,2099.833,238
5.150002,0.1201667,-0.1695833,0.37375,-0.06,0.32,0.9700001,-58.44766,1000,2099.833,238
5.200002,0.14225,-0.1916667,0.3941667,-0.08,0.65,1.03,-55.9035,1000,2129.477,238
5.250002,0.1426667,-0.1920833,0.38875,0.04,0.54,0.9599999,-53.83143,1000,2158.66,238
5.300002,0.191,-0.2085,0.3785,-0.08,0.51,0.73,-51.44129,1000,2158.66,238
5.350002,0.1666667,-0.2375,0.38225,0.01,0.56,0.77,-51.94876,1000,2187.604,238
5.400002,0.1864167,-0.2543334,0.3989167,0.0,-0.04,0.69,-52.0696,1000,2187.604,238
5.450003,0.2130833,-0.2620833,0.3976667,-0.11,-0.04,0.81,-53.19606,1000,2216.611,238
5.500003,0.186,-0.2793333,0.3516667,0.01,-0.23,0.8,-53.66304,1000,2245.778,238
5.550003,0.22225,-0.28375,0.3780833,-0.2,-0.25,0.86,-53.05298,1000,2245.778,238
5.600003,0.1830833,-0.3158333,0.39,0.02,-0.67,1.04,-56.05705,1000,2274.883,238
5.650003,0.226,-0.3175,0.3954167,-0.01,-0.65,1.13,-55.46199,1000,2274.883,238
5.700004,0.2308333,-0.3270833,0.3980833,-0.14,0.31,0.69,-56.41476,1000,2304.229,238
5.750004,0.211,-0.3508333,0.39125,-0.01,0.2,0.81,-56.1069,1000,2333.67,238
5.800004,0.2193333,-0.35475,0.375,-0.03,-0.03,0.76,-57.34562,1000,2333.67,238
5.850004,0.205,-0.3654167,0.3916667,-0.15,-0.53,0.79,-59.31871,1000,2363.205,238
5.900004,0.22725,-0.381,0.3651667,0.04,-0.55,1.12,-59.38856,1000,2363.205,238
5.950005,0.2379167,-0.3754167,0.3818333,-0.17,-0.71,1.02,-59.17636,1000,2392.944,238
6.000005,0.21225,-0.3918333,0.3801667,0.07,-0.5,1.21,-59.45932,1000,2422.69,238
6.050005,0.21975,-0.4039166,0.3768333,0.02,-0.46,1.16,-60.21463,1000,2422.69,238
6.100005,0.2201667,-0.41475,0.3716667,-0.02,-0.48,1.19,-61.68225,1000,2452.511,238
6.150005,0.2201667,-0.4208333,0.3754167,0.05,0.29,1.22,-61.95777,1000,2452.511,238
6.200006,0.2264167,-0.4175,0.3635,-0.06,0.19,0.84,-61.98332,1000,2482.507,238
6.250006,0.2320833,-0.43125,0.4120833,-0.06,0.66,0.89,-61.87455,1000,2512.495,238
6.300006,0.2276667,-0.4220833,0.3585,0.1,-0.62,1.25,-61.63297,1000,2512.495,238
6.350006,0.2555833,-0.4341667,0.37975,-0.06,-0.65,1.1,-60.96209,1000,2542.458,238
6.400006,0.2243333,-0.426,0.3976667,0.04,-0.14,1.27,-61.13411,1000,2542.458,238
6.450006,0.2295833,-0.4220833,0.3655833,0.04,-0.07,1.08,-61.06706,1000,2572.371,238
6.500007,0.2645833,-0.4083333,0.3933333,-0.09,-0.1,1.1,-60.24796,1000,2602.196,238
6.550007,0.2151667,-0.4179167,0.3741667,-0.03,0.27,1.06,-60.42448,1000,2602.196,238
6.600007,0.21475,-0.4251667,0.3355833,-0.02,0.44,0.9,-61.00611,1000,2632.039,238
6.650007,0.23125,-0.4070833,0.3843333,-0.11,0.64,0.74,-62.12016,1000,2632.039,238
6.700007,0.2243333,-0.4079166,0.3635,0.05,0.19,0.77,-61.59795,1000,2662.051,238
6.750008,0.23875,-0.39225,0.3564167,-0.1,0.07,0.69,-60.08817,1000,2691.859,238
6.800008,0.2308333,-0.3979167,0.4189167,-0.08,0.09,0.81,-59.91523,1000,2691.859,238
6.850008,0.2325,-0.4116667,0.3801667,0.0,-0.12,0.87,-59.69915,1000,2721.651,238
6.900008,0.2358333,-0.38975,0.4001667,-0.21,-0.56,0.8,-59.74911,1000,2721.651,238
6.950008,0.2151667,-0.4001667,0.395,-0.07,0.68,0.73,-60.36632,1000,2751.426,238
7.000009,0.23125,-0.3954167,0.36625,0.03,0.47,0.74,-60.07851,1000,2781.234,238
7.050009,0.2280833,-0.3883333,0.3895833,-0.09,0.43,0.69,-60.3286,1000,2781.234,238
7.100009,0.186,-0.4191667,0.3545833,-0.0,-0.05,0.74,-61.77458,1000,2811.066,238
7.150009,0.2193333,-0.3979167,0.3568333,-0.05,-0.19,0.83,-62.26007,1000,2811.066,238
7.200009,0.2308333,-0.4126667,0.3933333,-0.17,-0.66,0.84,-62.66208,1000,2841.093,238
7.25001,0.2070833,-0.4095833,0.3666667,0.06,-0.6,1.16,-61.69799,1000,2871.062,238
7.30001,0.2358333,-0.40475,0.386,-0.12,-0.65,1.04,-61.2433,1000,2871.062,238
7.35001,0.2295833,-0.4351666,0.3976667,0.03,-0.5,1.2,-61.71207,1000,2900.987,238
7.40001,0.2226667,-0.4130834,0.3875,0.05,-0.44,1.2,-61.21029,1000,2900.987,238
7.45001,0.2505833,-0.4091667,0.3891666,-0.06,0.01,1.13,-60.79147,1000,2930.908,238
7.50001,0.2268333,-0.42475,0.37125,0.03,0.29,1.28,-60.69516,1000,2930.908,238
7.550011,0.2226667,-0.4155833,0.3768333,-0.02,0.17,1.08,-60.74321,1000,2960.777,238
7.600011,0.1979167,-0.4280833,0.3675,0.0,0.01,0.81,-62.9671,1000,2990.652,238
7.650011,0.2095833,-0.4135,0.3235,-0.16,-0.0,0.76,-63.37567,1000,3020.748,238
7.700011,0.226,-0.3991667,0.3793334,-0.03,-0.55,0.88,-62.93049,1000,3020.748,238
7.750011,0.22225,-0.40625,0.3639167,-0.04,-0.6,1.06,-61.64067,1000,3050.841,238
7.800012,0.2358333,-0.3930833,0.3776667,-0.12,-0.69,1.04,-60.27944,1000,3050.841,238
7.850012,0.2168333,-0.4135,0.38875,0.1,-0.52,1.2,-60.8947,1000,3080.669,238
7.900012,0.2280833,-0.40625,0.3593333,-0.06,-0.59,1.1,-60.68491,1000,3110.559,238
7.950012,0.24125,-0.3939167,0.37,0.02,0.07,1.28,-60.51059,1000,3110.559,238
8.000012,0.2264167,-0.40625,0.3895833,0.04,0.09,1.03,-60.02375,1000,3140.41,238
8.050013,0.2118333,-0.4030833,0.3605833,-0.09,0.04,0.93,-60.5531,1000,3140.41,238
8.100013,0.23375,-0.41475,0.3941667,-0.02,0.64,1.01,-61.24632,1000,3170.265,238
8.150013,0.2280833,-0.40475,0.4035,0.03,0.46,0.88,-61.15645,1000,3200.189,238
8.200013,0.2291667,-0.3889167,0.366,-0.06,-0.64,1.05,-60.22809,1000,3200.189,238
8.250013,0.2395833,-0.41,0.3958333,0.07,-0.42,1.25,-59.9299,1000,3230.012,238
8.300014,0.211,-0.41,0.3541667,0.02,-0.41,1.15,-60.65326,1000,3230.012,238
8.350014,0.2420833,-0.3918333,0.3855834,-0.04,-0.43,1.15,-60.25318,1000,3259.877,238
8.400014,0.2054167,-0.4039166,0.4145833,0.03,0.33,1.24,-61.36775,1000,3289.703,238
8.450014,0.2070833,-0.41,0.37,-0.04,0.23,0.84,-61.51255,1000,3289.703,238
8.500014,0.2476667,-0.4030833,0.3839167,-0.08,0.48,0.89,-61.55951,1000,3319.654,238
8.550014,0.22475,-0.4225,0.3851667,0.07,0.5,0.86,-61.20794,1000,3319.654,238
8.600015,0.2291667,-0.39875,0.37375,-0.07,0.44,0.69,-60.17825,1000,3349.575,238
8.650015,0.2218333,-0.401,0.3839167,-0.03,0.03,0.74,-61.0504,1000,3379.393,238
8.700015,0.2118333,-0.4126667,0.37975,0.01,-0.14,0.7,-61.32979,1000,3379.393,238
8.750015,0.23625,-0.3995833,0.3626667,-0.18,-0.08,0.81,-61.0942,1000,3409.325,238
8.800015,0.23875,-0.4051667,0.3925,0.02,-0.24,0.98,-60.57489,1000,3409.325,238
8.850016,0.205,-0.4220833,0.3643333,0.04,0.41,0.81,-60.99739,1000,3439.183,238
8.900016,0.2168333,-0.3958333,0.36625,-0.08,0.58,0.79,-61.62401,1000,3469.083,238
8.950016,0.2193333,-0.4018333,0.3855834,0.05,0.46,0.83,-62.2514,1000,3469.083,238
9.000016,0.221,-0.4058333,0.36625,-0.03,0.24,0.67,-61.36284,1000,3499.108,238
9.050016,0.2493333,-0.4014167,0.3780833,-0.14,-0.12,0.7,-60.31874,1000,3499.108,238
9.100017,0.2075,-0.42875,0.366,0.0,-0.27,0.95,-61.25265,1000,3528.939,238
9.150017,0.2079167,-0.3979167,0.3589167,-0.17,-0.66,0.87,-61.58039,1000,3558.865,238
9.200017,0.251,-0.39225,0.3925,0.07,-0.7,1.22,-61.32396,1000,3558.865,238
9.250017,0.22475,-0.3601667,0.3725,0.06,-0.44,1.16,-59.27746,1000,3588.797,238
9.300017,0.2243333,-0.3230834,0.37625,-0.07,-0.43,1.13,-56.88194,1000,3588.797,238
9.350018,0.2016667,-0.3083333,0.38475,-0.0,-0.08,1.21,-56.69135,1000,3618.285,238
9.400018,0.1905833,-0.256,0.3920834,-0.05,0.3,1.0,-55.12416,1000,3647.755,238
9.450018,0.1805833,-0.2395833,0.3593333,-0.08,0.55,0.8,-54.37998,1000,3647.755,238
9.500018,0.1645833,-0.2093333,0.406,0.06,-0.13,1.41,-52.71714,1000,3676.993,238
9.550018,0.1241667,-0.1825,0.3891666,0.04,-0.19,1.13,-53.52929,1000,3676.993,238
9.600019,0.1180833,-0.1691667,0.3733333,-0.05,-0.12,1.17,-54.22615,1000,3706.146,238
9.650019,0.0925,-0.1554167,0.3895833,0.01,0.19,1.07,-56.69793,1000,3735.368,238
9.700019,0.07058334,-0.1405833,0.3780833,-0.06,0.13,0.88,-59.22124,1000,3735.368,238
9.750019,0.05958333,-0.1333333,0.3758333,-0.09,0.66,0.92,-62.83374,1000,3765.09,238
9.800019,0.03641667,-0.0975,0.3516667,-0.08,0.13,0.98,-66.26012,1000,3765.09,238
9.850019,0.02125,-0.1141667,0.40875,0.04,0.34,0.98,-71.63219,1000,3795.516,238
9.90002,-0.005166667,-0.1285,0.3618333,-0.06,0.43,0.85,-80.4259,1000,3826.479,238
9.95002,0.0001666667,-0.1080833,0.3691667,-0.09,0.7,0.89,-87.22341,1000,3826.479,238
10.00002,-0.01641667,-0.1120833,0.4030833,0.04,0.51,0.75,-93.51563,1000,3859.002,238
10.05002,-0.03208333,-0.1104167,0.3426666,-0.07,0.43,0.69,-98.14883,1000,3859.002,238
10.10002,-0.02833333,-0.11375,0.3270833,-0.05,-0.6,0.87,-102.8406,1000,3892.617,238
10.15002,-0.03166667,-0.1051667,0.386,-0.18,-0.68,0.85,-105.6488,1000,3926.701,238
10.20002,-0.071,-0.1020833,0.3614167,0.05,-0.61,1.19,-111.8545,1000,3961.066,238
10.25002,-0.04891667,-0.11375,0.3380833,-0.13,-0.65,1.05,-114.9487,1000,3961.066,238
10.30002,-0.02458333,-0.1155833,0.3839167,-0.0,-0.77,1.17,-113.3652,1000,3996.361,238
10.35002,-0.025,-0.1229167,0.3418333,0.06,-0.5,1.2,-105.5911,1000,3996.361,238
10.40002,-0.001,-0.1120833,0.3639167,-0.07,-0.62,1.06,-98.005,1000,4030.72,238
10.45002,-0.001416667,-0.125,0.3643333,0.06,-0.35,1.31,-94.21902,1000,4064.321,238
10.50002,0.02541667,-0.12375,0.37,0.01,-0.43,1.14,-86.51803,1000,4064.321,238
10.55002,0.02791667,-0.12725,0.39125,-0.03,0.12,1.2,-82.22305,1000,4096.772,238
10.60002,0.006833333,-0.15875,0.3675,0.05,0.22,1.01,-81.18502,1000,4096.772,238
10.65002,0.05141666,-0.1268333,0.3733333,-0.08,0.09,0.89,-77.69814,1000,4128.691,238
10.70002,0.05583333,-0.1433333,0.37975,-0.06,0.36,0.99,-74.72852,1000,4160.261,238
10.75002,0.08558333,-0.1526667,0.3989167,0.05,-0.63,1.2,-65.79192,1000,4160.261,238
10.80002,0.1064167,-0.1543333,0.3925,-0.12,-0.68,1.06,-61.61853,1000,4190.64,238
10.85002,0.1025,-0.19475,0.37625,0.03,-0.53,1.18,-59.4599,1000,4190.64,238
10.90002,0.14,-0.1976667,0.3666667,0.06,-0.49,1.19,-57.44856,1000,4220.386,238
10.95002,0.1755833,-0.20125,0.4214167,-0.05,-0.59,1.16,-55.27646,1000,4249.931,238
11.00002,0.1468333,-0.2093333,0.3789167,0.06,0.17,1.3,-52.84695,1000,4249.931,238
11.05002,0.2008333,-0.21975,0.3720833,-0.06,0.04,0.91,-50.47488,1000,4279.016,238
11.10002,0.1814167,-0.2651667,0.3843333,-0.08,0.26,1.01,-52.71658,1000,4279.016,238
11.15002,0.18725,-0.2704167,0.3533333,0.07,0.56,0.9599999,-52.83207,1000,4308.087,238
11.20002,0.2176667,-0.28125,0.3683333,-0.06,0.49,0.7,-54.39457,1000,4337.17,238
11.25002,0.2054167,-0.2958333,0.3826667,-0.01,0.66,0.75,-54.26244,1000,4337.17,238
11.30002,0.21975,-0.3154167,0.3585,-0.01,0.06,0.69,-54.20771,1000,4366.396,238
11.35003,0.20625,-0.3235,0.37,-0.08,-0.05,1.1,-55.94683,1000,4366.396,238
11.40003,0.2239167,-0.3218333,0.38875,-0.02,0.31,1.03,-55.92896,1000,4395.791,238
11.45003,0.216,-0.3308333,0.3704167,0.01,0.25,0.91,-56.50377,1000,4425.184,238
11.50003,0.2379167,-0.33475,0.3601667,-0.08,0.65,0.88,-55.54289,1000,4425.184,238
11.55003,0.2543334,-0.3543334,0.3958333,0.06,0.6,0.9,-55.26235,1000,4454.539,238
11.60003,0.2066667,-0.3435,0.3520833,0.01,0.37,0.69,-55.96474,1000,4454.539,238
11.65003,0.2214167,-0.3533333,0.3529167,-0.12,0.16,0.71,-57.07447,1000,4483.935,238
11.70003,0.1941667,-0.34475,0.3439167,0.01,-0.06,0.85,-59.16826,1000,4513.442,238
11.75003,0.2429167,-0.3455833,0.3891666,-0.16,-0.08,0.79,-57.81131,1000,4513.442,238
11.80003,0.2033333,-0.3693333,0.3916667,-0.04,-0.65,0.89,-58.89088,1000,4543.023,238
11.85003,0.2276667,-0.3520833,0.3601667,0.0,-0.62,0.95,-57.7245,1000,4543.023,238
11.90003,0.2468333,-0.34,0.4079166,-0.13,-0.72,1.06,-57.43289,1000,4572.596,238
11.95003,0.2214167,-0.3266666,0.3768333,0.07,-0.43,1.25,-55.66787,1000,4602.139,238
12.00003,0.2045833,-0.3275,0.39725,-0.02,-0.14,0.72,-55.96638,1000,4602.139,238
12.05003,0.226,-0.3275,0.3855834,-0.2,-0.1,0.69,-56.42314,1000,4631.536,238
12.10003,0.2143333,-0.3191667,0.4120833,-0.01,-0.23,0.94,-56.50537,1000,4631.536,238
12.15003,0.1954167,-0.33475,0.3976667,-0.04,-0.64,0.92,-57.07778,1000,4660.986,238
12.20003,0.2239167,-0.3235,0.3729167,-0.18,-0.75,0.91,-57.05073,1000,4690.494,238
12.25003,0.2189167,-0.32875,0.3970833,0.08,-0.63,1.22,-57.12509,1000,4690.494,238
12.30003,0.2020833,-0.3314167,0.3704167,-0.08,-0.56,1.11,-56.75911,1000,4720.007,238
12.35003,0.2354167,-0.33225,0.39,0.02,-0.41,1.21,-56.54917,1000,4720.007,238
12.40003,0.216,-0.3601667,0.38475,0.06,-0.35,1.2,-57.45178,1000,4749.462,238
12.45003,0.2176667,-0.3179167,0.3639167,-0.08,-0.45,1.1,-56.44341,1000,4779.007,238
12.50003,0.25225,-0.3270833,0.3764167,0.0,0.37,1.25,-55.67002,1000,4779.007,238
12.55003,0.2214167,-0.3520833,0.3904166,0.01,0.28,0.87,-55.26577,1000,4808.375,238
12.60003,0.21725,-0.3658333,0.3675,0.02,0.34,1.03,-56.49716,1000,4837.701,238
12.65003,0.2126667,-0.3495833,0.3435,-0.01,0.44,0.89,-58.60576,1000,4837.701,238
12.70003,0.2420833,-0.34475,0.3976667,-0.08,0.69,0.9,-57.63519,1000,4867.362,238
12.75003,0.2316667,-0.3408333,0.3683333,0.05,0.56,0.89,-56.46843,1000,4896.809,238
12.80003,0.2366667,-0.3279166,0.36625,-0.01,0.4,0.68,-54.96674,1000,4896.809,238
12.85003,0.216,-0.3529167,0.381,-0.05,0.64,0.69,-56.16945,1000,4926.105,238
12.90003,0.2226667,-0.3154167,0.3741667,-0.01,-0.06,0.72,-55.83086,1000,4926.105,238
12.95003,0.2180833,-0.311,0.3904166,-0.22,-0.06,0.78,-56.09074,1000,4955.489,238
13.00003,0.20125,-0.3266666,0.4014167,-0.09,-0.17,0.88,-56.03487,1000,4984.892,238
13.05003,0.2205833,-0.3508333,0.3479167,-0.07,-0.27,0.87,-57.0551,1000,4984.892,238
13.10003,0.22725,-0.3991667,0.3993333,-0.19,-0.69,0.83,-58.85045,1000,5014.397,238
13.15003,0.1885,-0.426,0.3704167,0.05,-0.61,1.17,-61.43952,1000,5014.397,238
13.20003,0.22475,-0.4364167,0.3643333,-0.16,-0.75,1.0,-63.07661,1000,5044.341,238
13.25003,0.2354167,-0.4855834,0.3993333,-0.17,0.34,0.71,-64.3395,1000,5074.575,238
13.30003,0.1745833,-0.5151667,0.3405833,0.0,0.19,0.76,-66.05549,1000,5074.575,238
13.35003,0.1666667,-0.576,0.3691667,-0.11,0.16,0.7,-69.75886,1000,5104.981,238
13.40003,0.1033333,-0.6008334,0.3643333,-0.05,-0.3,0.75,-75.12759,1000,5104.981,238
13.45003,0.07433333,-0.6080833,0.3393333,-0.05,-0.36,0.91,-79.04476,1000,5136.294,238
13.50003,0.03083333,-0.6275,0.3618333,-0.16,-0.76,0.9,-83.48637,1000,5136.294,238
13.55003,0.04683333,-0.6551667,0.3308333,0.02,-0.64,1.04,-85.37628,1000,5168.442,238
13.60003,0.01266667,-0.6629167,0.3458333,-0.13,-0.69,0.93,-87.33451,1000,5200.78,238
13.65003,0.0005833333,-0.6643333,0.356,0.03,-0.77,1.22,-88.25543,1000,5200.78,238
13.70003,-0.05583333,-0.6625,0.3275,0.07,-0.66,1.2,-91.22412,1000,5233.405,238
13.75003,-0.04308333,-0.64625,0.3630833,-0.09,-0.56,1.1,-92.86035,1000,5233.405,238
13.80003,-0.08183333,-0.6630833,0.3245833,0.09,-0.25,1.3,-95.22229,1000,5266.491,238
13.85003,-0.105,-0.65,0.321,0.0,-0.3,0.78,-96.67525,1000,5299.813,238
13.90003,-0.1366667,-0.6635,0.3014167,-0.2,-0.28,0.88,-99.28353,1000,5299.813,238
13.95004,-0.1720833,-0.6314167,0.3176667,0.01,-0.68,1.04,-102.02,1000,5333.542,238
14.00004,-0.17375,-0.64625,0.3235,-0.03,-0.66,1.01,-103.9775,1000,5367.74,238
14.05004,-0.1530833,-0.6379167,0.3079167,-0.17,-0.56,1.0,-104.5959,1000,5367.74,238
14.10004,-0.151,-0.63225,0.3176667,0.05,-0.59,1.17,-103.9917,1000,5402.0,238
14.15004,-0.1704167,-0.6680833,0.3083333,-0.03,-0.61,1.1,-103.7455,1000,5402.0,238
14.20004,-0.1608333,-0.6279167,0.28625,0.02,-0.6,1.25,-104.0364,1000,5436.174,238
14.25004,-0.1341667,-0.641,0.3254167,0.1,0.06,1.26,-103.4995,1000,5436.174,238
14.30004,-0.1455833,-0.63625,0.3041667,-0.06,-0.45,1.09,-103.0256,1000,5470.324,238
14.35004,-0.1176667,-0.6379167,0.3258333,-0.02,0.33,1.22,-101.7203,1000,5504.426,238
14.40004,-0.1168333,-0.6339167,0.3368333,0.07,0.35,0.91,-101.2606,1000,5504.426,238
14.45004,-0.105,-0.6530833,0.3333333,-0.06,0.5,0.79,-100.0091,1000,5538.353,238
14.50004,-0.1041667,-0.6314167,0.3520833,-0.01,-0.44,1.2,-99.64803,1000,5572.117,238
14.55004,-0.1270833,-0.6583333,0.3385,0.1,-0.57,1.27,-99.80911,1000,5572.117,238
14.60004,-0.1275,-0.646,0.3125,-0.07,-0.34,1.12,-100.4862,1000,5605.898,238
14.65004,-0.09791667,-0.6755834,0.3435,-0.04,-0.07,1.2,-100.1125,1000,5605.898,238
14.70004,-0.146,-0.6466666,0.3205833,0.04,-0.04,1.09,-100.7114,1000,5639.709,238
14.75004,-0.10125,-0.6516666,0.3283334,-0.09,-0.1,0.98,-99.93362,1000,5673.502,238
14.80004,-0.1033333,-0.6508333,0.3516667,-0.04,0.23,1.07,-100.1919,1000,5673.502,238
14.85004,-0.1085,-0.6379167,0.3254167,0.0,0.16,0.95,-99.16861,1000,5707.322,238
14.90004,-0.09958333,-0.64625,0.3418333,-0.09,0.61,0.92,-99.1448,1000,5707.322,238
14.95004,-0.1020833,-0.6426666,0.37125,0.05,0.64,0.79,-99.14615,1000,5741.036,238
15.00004,-0.14,-0.6526667,0.3275,0.01,0.42,0.67,-99.96414,1000,5741.036,238
15.05004,-0.1229167,-0.6451667,0.3325,-0.1,0.7,0.73,-100.6397,1000,5774.833,238
15.10004,-0.15725,-0.6668334,0.3258333,0.05,0.14,0.76,-102.0541,1000,5808.696,238
15.15004,-0.16,-0.6443334,0.32625,0.06,-0.27,1.29,-102.667,1000,5842.702,238
15.20004,-0.1270833,-0.6279167,0.3045833,-0.03,-0.34,1.09,-102.8853,1000,5842.702,238
15.25004,-0.1345833,-0.6418333,0.3308333,-0.04,-0.28,1.19,-102.4098,1000,5876.79,238
15.30004,-0.1666667,-0.6343333,0.3155833,0.05,0.4,1.18,-102.6684,1000,5876.79,238
15.35004,-0.1308333,-0.66125,0.29725,-0.05,0.28,0.81,-102.5852,1000,5910.857,238
15.40004,-0.1358333,-0.6470833,0.325,-0.05,0.57,0.85,-102.5894,1000,5944.916,238
15.45004,-0.1366667,-0.6491666,0.3230834,0.07,0.4,0.81,-101.6452,1000,5944.916,238
15.50004,-0.08516666,-0.6366667,0.3201667,-0.1,0.42,0.73,-100.4543,1000,5978.88,238
15.55004,-0.1254167,-0.6755834,0.3495833,-0.03,0.5,0.77,-100.0082,1000,5978.88,238
15.60004,-0.1164167,-0.6543334,0.3435,-0.03,0.65,0.82,-99.40809,1000,6012.681,238
15.65004,-0.08391666,-0.6575,0.30875,0.06,0.31,0.77,-99.29281,1000,6046.421,238
15.70004,-0.07308333,-0.65125,0.35,-0.07,0.43,0.72,-97.92152,1000,6046.421,238
15.75004,-0.125,-0.6568334,0.3520833,-0.03,-0.09,1.21,-98.15041,1000,6080.014,238
15.80004,-0.09833334,-0.6370833,0.3168334,0.02,-0.07,1.1,-98.65073,1000,6113.679,238
15.85004,-0.09875,-0.6443334,0.3389167,-0.08,-0.15,1.11,-99.42085,1000,6113.679,238
15.90004,-0.1114167,-0.6495833,0.3418333,-0.03,0.15,1.11,-99.07343,1000,6147.421,238
15.95004,-0.121,-0.64,0.3193333,-0.0,0.07,0.98,-99.71735,1000,6147.421,238
16.00004,-0.1241667,-0.6418333,0.3479167,-0.08,0.58,0.9599999,-100.4626,1000,6181.193,238
16.05004,-0.13,-0.6395833,0.3341667,0.06,0.63,0.81,-101.0481,1000,6181.193,238
16.10004,-0.1304167,-0.6383333,0.3235,0.02,0.42,0.87,-101.3284,1000,6215.098,238
16.15004,-0.1551667,-0.6483333,0.36475,-0.09,0.69,0.75,-102.1653,1000,6249.03,238
16.20004,-0.1576667,-0.6330833,0.3108333,0.07,0.58,0.76,-102.9971,1000,6249.03,238
16.25004,-0.1404167,-0.6318333,0.3045833,-0.01,0.2,0.7,-103.3246,1000,6283.13,238
16.30004,-0.13875,-0.6318333,0.336,-0.05,0.23,0.76,-102.9666,1000,6283.13,238
16.35004,-0.16625,-0.6479167,0.32875,0.07,0.19,1.28,-103.1021,1000,6317.227,238
16.40004,-0.105,-0.6354167,0.3254167,-0.04,0.08,1.09,-102.0532,1000,6351.337,238
16.45004,-0.1029167,-0.6504167,0.3389167,-0.03,0.34,1.2,-100.9219,1000,6351.337,238
16.50003,-0.1535,-0.6426666,0.3275,0.07,0.38,0.91,-100.6026,1000,6385.229,238
16.55003,-0.1245833,-0.6526667,0.3104167,-0.05,0.3,0.8,-101.0772,1000,6419.137,238
16.60003,-0.09541666,-0.6475,0.33,-0.03,0.61,0.85,-100.8743,1000,6419.137,238
16.65003,-0.11475,-0.6543334,0.33375,0.07,0.49,0.79,-99.71214,1000,6453.024,238
16.70003,-0.07225,-0.6583333,0.31725,-0.05,0.47,0.73,-98.19753,1000,6453.024,238
16.75003,-0.095,-0.65,0.3508333,-0.0,0.45,0.74,-98.17495,1000,6486.644,238
16.80003,-0.116,-0.6595833,0.31375,0.01,-0.18,0.71,-98.1842,1000,6486.644,238
16.85003,-0.0925,-0.65475,0.3201667,-0.15,-0.12,0.7,-98.77697,1000,6520.262,238
16.90003,-0.1316667,-0.6583333,0.3308333,0.0,-0.26,0.79,-99.77523,1000,6553.94,238
16.95003,-0.1214167,-0.6668334,0.2993333,-0.15,-0.29,0.89,-99.89017,1000,6553.94,238
17.00003,-0.09583333,-0.646,0.3176667,-0.14,0.64,0.81,-100.0225,1000,6587.729,238
17.05003,-0.1254167,-0.6568334,0.33975,0.06,0.46,0.84,-99.85584,1000,6621.515,238
17.10003,-0.11975,-0.646,0.3325,0.01,0.42,0.71,-99.91666,1000,6621.515,238
17.15002,-0.1093333,-0.6455833,0.3405833,-0.08,0.51,0.75,-100.308,1000,6655.306,238
17.20002,-0.1670833,-0.6604167,0.3193333,0.01,0.28,0.77,-101.4372,1000,6655.306,238
17.25002,-0.15475,-0.6401667,0.3133333,-0.09,0.23,0.69,-102.4665,1000,6689.25,238
17.30002,-0.1535,-0.63875,0.3376667,-0.06,0.27,0.75,-103.7667,1000,6723.427,238
17.35002,-0.17375,-0.64,0.3295834,0.02,0.05,0.76,-104.097,1000,6723.427,238
17.40002,-0.135,-0.6375,0.3258333,-0.17,0.11,0.73,-103.5527,1000,6757.636,238
17.45002,-0.1780833,-0.66725,0.3230834,0.02,-0.48,0.87,-104.0296,1000,6757.636,238
17.50002,-0.1568333,-0.63225,0.3001667,-0.08,-0.53,1.03,-103.6105,1000,6791.839,238
17.55002,-0.1304167,-0.635,0.32625,-0.12,-0.64,1.04,-103.4936,1000,6791.839,238
17.60002,-0.151,-0.63875,0.3270833,0.05,-0.64,1.19,-102.946,1000,6825.989,238
17.65002,-0.14475,-0.6639166,0.33375,-0.0,0.08,0.84,-102.402,1000,6860.083,238
17.70002,-0.1093333,-0.6530833,0.3075,-0.04,-0.09,0.68,-101.7012,1000,6894.124,238
17.75002,-0.12225,-0.6379167,0.3720833,-0.16,-0.04,0.8,-100.8839,1000,6894.124,238
17.80001,-0.1045833,-0.6620833,0.3316667,0.0,-0.21,0.94,-99.77625,1000,6928.012,238
17.85001,-0.1029167,-0.6555833,0.3014167,-0.13,-0.61,0.87,-99.58222,1000,6928.012,238
17.90001,-0.1101667,-0.6695833,0.3304167,-0.02,-0.73,1.13,-99.08041,1000,6961.77,238
17.95001,-0.09833334,-0.6608334,0.3214167,0.05,-0.63,1.2,-98.90952,1000,6995.478,238
18.00001,-0.08725,-0.63625,0.296,-0.14,-0.62,1.07,-98.53838,1000,6995.478,238
18.05001,-0.1279167,-0.666,0.3164167,0.05,-0.36,1.32,-99.04807,1000,7029.132,238
18.10001,-0.1118333,-0.6504167,0.30375,0.02,0.04,1.15,-99.47889,1000,7029.132,238
18.15001,-0.1151667,-0.6579166,0.336,-0.05,0.12,1.16,-100.1857,1000,7062.88,238
18.20001,-0.16375,-0.6591667,0.34875,0.04,0.32,1.25,-101.212,1000,7096.698,238
18.25001,-0.1283333,-0.6568334,0.29975,-0.03,-0.65,0.9700001,-101.6451,1000,7096.698,238
18.30001,-0.1358333,-0.65225,0.3239167,-0.2,-0.73,0.92,-102.2567,1000,7130.663,238
18.35001,-0.15725,-0.6455833,0.3104167,0.08,-0.67,1.26,-102.1695,1000,7130.663,238
18.40001,-0.1576667,-0.6579166,0.31975,-0.03,-0.68,1.13,-102.9766,1000,7164.68,238
18.45,-0.1341667,-0.6330833,0.35975,-0.02,-0.43,1.17,-103.0438,1000,7198.777,238
18.5,-0.1526667,-0.641,0.3041667,0.09,-0.26,1.28,-102.9461,1000,7198.777,238
18.55,-0.125,-0.6405833,0.3045833,-0.07,-0.34,1.13,-102.1345,1000,7232.872,238
18.6,-0.1405833,-0.6491666,0.341,-0.04,-0.09,1.19,-102.2191,1000,7232.872,238
18.65,-0.14475,-0.641,0.3201667,0.03,-0.02,1.1,-101.9953,1000,7266.894,238
18.7,-0.116,-0.6379167,0.3193333,-0.09,0.4,0.98,-101.7502,1000,7300.894,238
18.75,-0.1291667,-0.64475,0.3585,-0.04,0.64,1.05,-101.4532,1000,7300.894,238
18.8,-0.1155833,-0.6343333,0.3466667,0.04,0.46,0.73,-100.6538,1000,7334.839,238
18.85,-0.1143333,-0.64225,0.3454167,-0.08,0.61,0.72,-100.5831,1000,7334.839,238
18.9,-0.106,-0.6330833,0.3525,0.05,0.05,1.31,-99.97528,1000,7368.697,238
18.95,-0.1405833,-0.67375,0.3033333,0.05,-0.39,1.19,-100.4618,1000,7402.495,238
19.0,-0.1493333,-0.6426666,0.2930833,-0.07,0.04,1.13,-101.4575,1000,7402.495,238
19.05,-0.1004167,-0.65725,0.3341667,0.01,0.36,1.26,-101.1847,1000,7436.44,238
19.09999,-0.1214167,-0.6604167,0.3151667,-0.02,0.25,1.06,-100.7285,1000,7436.44,238
19.14999,-0.1135,-0.65475,0.3120833,-0.09,0.43,0.86,-99.64616,1000,7470.313,238
19.19999,-0.111,-0.6620833,0.3439167,0.07,0.52,0.86,-99.92303,1000,7504.078,238
19.24999,-0.1358333,-0.64,0.3205833,-0.02,0.36,0.74,-100.4448,1000,7504.078,238
19.29999,-0.09375,-0.6405833,0.3226667,-0.08,0.54,0.7,-99.94202,1000,7537.922,238
19.34999,-0.1333333,-0.6516666,0.3430833,0.02,0.26,0.75,-100.624,1000,7537.922,238
19.39999,-0.1358333,-0.64225,0.3176667,-0.12,-0.17,0.69,-100.6105,1000,7571.785,238
19.44999,-0.1135,-0.65475,0.3401667,0.0,-0.36,1.01,-101.1132,1000,7605.646,238
19.49999,-0.1426667,-0.6326666,0.3385,-0.06,-0.46,0.9700001,-101.4946,1000,7605.646,238
19.54999,-0.1493333,-0.6314167,0.3143333,-0.01,0.38,0.71,-101.9494,1000,7639.595,238
19.59999,-0.13875,-0.6575,0.355,0.04,0.7,0.76,-102.6433,1000,7639.595,238
19.64999,-0.14475,-0.6583333,0.321,0.05,0.43,0.71,-102.5409,1000,7673.659,238
19.69999,-0.11225,-0.6470833,0.3066667,-0.07,0.12,0.68,-101.3859,1000,7707.713,238
19.74998,-0.1004167,-0.6535,0.37125,0.01,-0.1,0.75,-100.3258,1000,7707.713,238
19.79998,-0.08875,-0.6430833,0.3401667,-0.0,-0.29,0.9,-98.8115,1000,7741.546,238
19.84998,-0.02166667,-0.646,0.33475,-0.12,-0.76,0.92,-96.17142,1000,7741.546,238
19.89998,0.02958333,-0.64875,0.3589167,0.08,-0.62,1.14,-92.38921,1000,7774.963,238
19.94998,0.035,-0.6180834,0.3295834,0.0,-0.61,1.12,-88.68967,1000,7808.002,238
19.99998,0.121,-0.5775,0.3758333,-0.07,-0.57,1.18,-84.1048,1000,7808.002,238
20.04998,0.1439167,-0.5414166,0.3958333,-0.02,0.33,1.21,-80.01316,1000,7840.212,238
20.09998,0.1918333,-0.4791667,0.3966667,-0.02,0.29,0.76,-73.82064,1000,7840.212,238
20.14998,0.20375,-0.3935,0.4039166,0.03,0.46,0.76,-68.64031,1000,7871.395,238
20.19998,0.22475,-0.3101666,0.3891666,-0.01,0.19,0.68,-61.62643,1000,7902.059,238
20.24998,0.1970833,-0.2854167,0.4166667,-0.15,0.31,0.7,-57.35746,1000,7932.021,238
20.29998,0.16,-0.2335,0.3576667,0.0,0.07,0.83,-55.00903,1000,7932.021,238
20.34998,0.1695833,-0.211,0.3708333,-0.16,-0.45,0.9700001,-54.0551,1000,7961.322,238
20.39997,0.1229167,-0.1820833,0.38875,-0.12,-0.61,1.03,-54.2564,1000,7961.322,238
20.44997,0.09375,-0.1445833,0.3643333,0.02,-0.56,1.18,-54.74304,1000,7990.547,238
20.49997,0.08308333,-0.13375,0.3651667,-0.16,-0.66,1.05,-57.05684,1000,8020.053,238
20.54997,0.05141666,-0.1255833,0.3989167,-0.02,-0.5,1.19,-60.97561,1000,8020.053,238
20.59997,0.01308333,-0.11375,0.3275,0.04,-0.38,1.23,-69.77519,1000,8049.951,238
20.64997,0.02416667,-0.1076667,0.35725,-0.11,-0.48,1.1,-76.1742,1000,8049.951,238
20.69997,-0.0225,-0.1076667,0.3605833,-0.01,-0.16,1.26,-87.53054,1000,8081.368,238
20.74997,-0.0005833333,-0.09308333,0.361,-0.02,0.26,1.09,-89.8373,1000,8114.152,238
20.79997,-0.04433333,-0.1080833,0.3385,-0.22,-0.36,0.74,-101.4884,1000,8114.152,238
20.84997,-0.03375,-0.1104167,0.3508333,-0.04,-0.52,1.04,-103.2192,1000,8148.101,238
20.89997,-0.0435,-0.116,0.3626667,-0.03,-0.53,1.06,-109.9516,1000,8148.101,238
20.94997,-0.02041667,-0.1293333,0.361,-0.21,-0.53,0.99,-105.5077,1000,8182.896,238
20.99997,-0.02791667,-0.1220833,0.37,-0.04,-0.61,0.92,-104.1357,1000,8217.246,238
21.04996,-0.006416667,-0.1176667,0.3758333,-0.1,-0.62,0.89,-98.32413,1000,8217.246,238
21.09996,0.01141667,-0.1076667,0.35,-0.1,-0.71,1.08,-93.31628,1000,8250.879,238
21.14996,0.01058333,-0.12975,0.3843333,0.04,-0.62,1.2,-87.46847,1000,8250.879,238
21.19996,0.03041667,-0.1329167,0.3793334,-0.15,-0.67,1.06,-82.13145,1000,8283.426,238
21.24996,0.05266667,-0.1493333,0.3904166,0.02,-0.51,1.2,-77.67352,1000,8315.438,238
21.29996,0.05541667,-0.1454167,0.3725,0.05,-0.49,1.2,-72.27414,1000,8315.438,238
21.34996,0.0675,-0.1543333,0.3916667,-0.0,-0.58,1.15,-68.69639,1000,8346.466,238
21.39996,0.08225,-0.16,0.37125,-0.03,0.11,0.67,-66.10327,1000,8346.466,238
21.44996,0.1135,-0.1885,0.40875,-0.06,0.09,0.72,-62.70601,1000,8376.876,238
21.49996,0.1543333,-0.2016667,0.3780833,0.01,-0.1,0.69,-58.10483,1000,8406.946,238
21.54996,0.1608333,-0.2089167,0.3780833,-0.19,-0.0,0.81,-54.64327,1000,8406.946,238
21.59996,0.1789167,-0.2275,0.4018333,-0.0,-0.55,0.9,-52.26657,1000,8436.211,238
21.64996,0.1851667,-0.256,0.3716667,-0.16,-0.56,1.01,-52.78255,1000,8436.211,238
21.69995,0.2066667,-0.2816667,0.3839167,-0.02,-0.68,1.12,-53.22327,1000,8465.289,238
21.74995,0.22475,-0.3191667,0.3764167,0.05,-0.56,1.21,-54.23354,1000,8494.411,238
21.79995,0.2391667,-0.3270833,0.36475,-0.04,-0.72,1.17,-54.13482,1000,8494.411,238
21.84995,0.2345833,-0.37625,0.3805833,0.08,0.01,1.32,-55.57679,1000,8523.625,238
21.89995,0.25725,-0.3954167,0.3679167,-0.07,-0.11,0.9599999,-56.27851,1000,8523.625,238
21.94995,0.25975,-0.4195833,0.3666667,-0.06,0.14,1.04,-57.74997,1000,8553.053,238
21.99995,0.21,-0.4566667,0.39,0.07,0.26,0.9700001,-60.16566,1000,8582.628,238
22.04995,0.2151667,-0.4545834,0.3325,-0.1,-0.63,1.09,-62.73825,1000,8582.628,238
22.09995,0.2205833,-0.4830833,0.3733333,-0.03,-0.55,1.16,-65.14428,1000,8612.702,238
22.14995,0.1970833,-0.5008333,0.3430833,0.09,-0.37,1.24,-66.21606,1000,8612.702,238
22.19995,0.2135,-0.4979167,0.3564167,-0.07,-0.45,1.11,-66.92288,1000,8643.124,238
22.24995,0.21,-0.51725,0.40225,0.0,0.41,1.24,-67.738,1000,8673.616,238
22.29995,0.1930833,-0.5229167,0.3675,0.03,0.34,0.82,-68.14262,1000,8673.616,238
22.34995,0.2016667,-0.5229167,0.3670833,-0.06,0.59,0.79,-68.84912,1000,8704.23,238
22.39994,0.19875,-0.51475,0.37,0.03,0.44,0.81,-69.17737,1000,8704.23,238
22.44994,0.2058333,-0.5293334,0.3605833,-0.01,0.19,0.7,-68.84988,1000,8734.948,238
22.49994,0.1893333,-0.5064167,0.3679167,-0.12,-0.26,0.71,-69.04666,1000,8765.633,238
22.54994,0.1885,-0.5095834,0.39,0.02,-0.44,1.04,-69.31737,1000,8765.633,238
22.59994,0.19375,-0.5039167,0.3801667,-0.19,-0.73,0.98,-69.38989,1000,8796.364,238
22.64994,0.18725,-0.5051666,0.3904166,0.05,-0.63,1.19,-69.44356,1000,8827.104,238
22.69994,0.1733333,-0.4891667,0.3729167,-0.09,-0.72,1.12,-69.70638,1000,8827.104,238
22.74994,0.195,-0.52375,0.375,0.06,-0.06,1.33,-69.90974,1000,8857.874,238
22.79994,0.1826667,-0.50725,0.366,0.03,-0.49,1.17,-70.08764,1000,8888.665,238
22.84994,0.2114167,-0.4964167,0.3655833,-0.05,0.0,1.18,-68.90199,1000,8888.665,238
22.89994,0.2118333,-0.5039167,0.38475,0.04,0.3,1.25,-68.1088,1000,8919.355,238
22.94994,0.2008333,-0.49875,0.3568333,-0.04,0.22,0.82,-67.3992,1000,8919.355,238
22.99994,0.2391667,-0.50875,0.35,-0.06,0.69,0.84,-66.69585,1000,8949.896,238
23.04993,0.20625,-0.5076666,0.3426666,0.08,0.58,0.84,-66.9259,1000,8980.365,238
23.09993,0.2135,-0.50725,0.3504167,-0.0,0.34,0.7,-66.6283,1000,8980.365,238
23.14993,0.2185,-0.5225,0.36225,-0.07,0.42,0.72,-67.45655,1000,9010.828,238
23.19993,0.1945833,-0.5285,0.35125,0.02,-0.3,0.75,-68.08913,1000,9010.828,238
23.24993,0.2020833,-0.5208333,0.3691667,-0.22,-0.31,0.91,-68.62907,1000,9041.438,238
23.29993,0.2155833,-0.5220833,0.3435,-0.05,0.69,0.9700001,-68.71462,1000,9072.101,238
23.34993,0.19625,-0.5176666,0.3589167,0.07,0.53,0.74,-68.53154,1000,9072.101,238
23.39993,0.21225,-0.5125,0.3479167,-0.04,0.48,0.68,-68.10139,1000,9102.754,238
23.44993,0.19225,-0.5220833,0.3695833,-0.02,0.09,0.74,-68.84193,1000,9102.754,238
23.49993,0.2008333,-0.5133333,0.3568333,-0.01,-0.12,0.82,-68.64021,1000,9133.438,238
23.54993,0.2104167,-0.5004167,0.3304167,-0.13,-0.11,0.69,-68.53714,1000,9164.103,238
23.59993,0.1945833,-0.496,0.3891666,0.0,-0.32,0.99,-68.13554,1000,9164.103,238
23.64993,0.2,-0.5091667,0.3593333,-0.09,-0.65,0.9700001,-68.10963,1000,9194.716,238
23.69992,0.2,-0.5035,0.3704167,-0.03,-0.8,1.19,-68.4903,1000,9194.716,238
23.74992,0.1975,-0.51725,0.4076666,0.09,-0.31,1.26,-68.66434,1000,9225.365,238
23.79992,0.1945833,-0.4939167,0.36475,-0.08,-0.39,1.1,-68.64513,1000,9256.029,238
23.84992,0.2066667,-0.4795833,0.3989167,0.05,-0.07,1.31,-68.09557,1000,9256.029,238
23.89992,0.1880833,-0.5080833,0.3966667,0.06,0.0,1.02,-68.29041,1000,9286.639,238
23.94992,0.2004167,-0.4918333,0.386,-0.16,-0.53,1.02,-68.06778,1000,9286.639,238
23.99992,0.1868333,-0.5301667,0.3895833,-0.02,-0.72,1.07,-69.36776,1000,9317.245,238
24.04992,0.195,-0.4839167,0.3929167,0.08,-0.63,1.23,-68.82312,1000,9347.981,238
24.09992,0.2139167,-0.4570833,0.3801667,-0.07,-0.71,1.11,-67.85332,1000,9347.981,238
24.14992,0.2251667,-0.4255833,0.4076666,0.07,-0.17,1.28,-65.03012,1000,9378.566,238
24.19992,0.2180833,-0.3745833,0.3945833,0.06,-0.0,1.05,-62.27661,1000,9378.566,238
24.24992,0.17,-0.2604167,0.3805833,-0.08,0.1,0.81,-59.59103,1000,9408.594,238
24.29992,0.1514167,-0.1804167,0.4068333,-0.11,0.53,0.83,-55.55,1000,9438.353,238
24.34991,0.03375,-0.1583333,0.3843333,-0.0,0.09,0.77,-61.60837,1000,9438.353,238
24.39991,-0.03808333,-0.11975,0.361,-0.12,-0.13,0.77,-78.5345,1000,9468.313,238
24.44991,-0.09125,-0.1241667,0.3839167,-0.17,-0.23,0.85,-103.9737,1000,9468.313,238
24.49991,-0.2230833,-0.1843333,0.3380833,0.02,-0.69,1.06,-124.7957,1000,9502.511,238
24.54991,-0.2485,-0.2185,0.32225,0.01,0.4,0.71,-135.1403,1000,9538.79,238
24.59991,-0.28475,-0.28125,0.31475,-0.11,0.4,0.69,-138.1543,1000,9538.79,238
24.64991,-0.3201667,-0.3508333,0.321,-0.06,-0.14,0.74,-135.4711,1000,9576.405,238
24.69991,-0.3345833,-0.4408333,0.3026667,-0.0,-0.36,0.74,-131.6451,1000,9576.405,238
24.74991,-0.31975,-0.475,0.3239167,-0.23,-0.42,0.92,-127.8426,1000,9613.37,238
24.79991,-0.29875,-0.5558333,0.3139167,-0.02,-0.62,1.09,-123.1339,1000,9649.954,238
24.84991,-0.2316667,-0.5929167,0.31975,-0.04,-0.66,1.12,-117.8486,1000,9649.954,238
24.89991,-0.1645833,-0.6270833,0.3304167,-0.17,-0.71,1.06,-111.435,1000,9685.539,238
24.94991,-0.1193333,-0.6564167,0.3385,0.05,-0.4,1.27,-105.4505,1000,9685.539,238
24.9999,-0.05058333,-0.6676667,0.3193333,-0.03,-0.37,1.12,-99.78072,1000,9719.884,238
25.0499,0.011,-0.6504167,0.3479167,-0.08,-0.36,1.15,-94.55573,1000,9753.662,238
25.0999,0.01516667,-0.6439167,0.3568333,0.01,-0.03,1.19,-90.67144,1000,9753.662,238
25.1499,0.08875,-0.6335,0.3341667,-0.05,-0.09,0.98,-86.56896,1000,9786.529,238
25.1999,0.1501667,-0.57225,0.3679167,-0.1,-0.51,0.79,-81.99068,1000,9818.986,238
25.2499,0.2004167,-0.5345833,0.3470833,-0.01,-0.55,0.88,-75.59006,1000,9818.986,238
25.2999,0.2075,-0.506,0.375,-0.22,-0.56,0.99,-70.81587,1000,9850.346,238
25.3499,0.18975,-0.4493333,0.3801667,0.0,-0.69,1.17,-68.08579,1000,9881.228,238
25.3999,0.2308333,-0.41475,0.3568333,-0.03,-0.66,1.13,-65.23666,1000,9881.228,238
25.4499,0.2193333,-0.3854167,0.39725,-0.15,-0.68,1.08,-62.78802,1000,9911.551,238
25.4999,0.2020833,-0.35975,0.3883333,0.07,-0.43,1.3,-60.64456,1000,9911.551,238
25.5499,0.2104167,-0.3118333,0.3720833,-0.04,-0.1,1.12,-59.00728,1000,9941.415,238
25.5999,0.2008333,-0.291,0.4055833,-0.07,0.11,1.24,-57.35126,1000,9970.95,238
25.64989,0.1914167,-0.2564167,0.3670833,0.05,0.23,1.0,-54.87885,1000,9970.95,238
25.69989,0.2108333,-0.225,0.3758333,-0.07,0.1,0.88,-51.83623,1000,10000.24,238
25.74989,0.15725,-0.2318333,0.38225,-0.06,0.7,0.9700001,-51.99051,1000,10000.24,238
25.79989,0.1591667,-0.1993333,0.4243333,0.1,-0.5,1.27,-51.36864,1000,10029.24,238
25.84989,0.14725,-0.18475,0.3864167,-0.13,-0.61,1.09,-52.89618,1000,10058.17,238
25.89989,0.1493333,-0.1775,0.3801667,0.03,-0.48,1.29,-50.92092,1000,10058.17,238
25.94989,0.1329167,-0.1839167,0.3933333,0.07,-0.4,1.21,-51.8381,1000,10087.07,238
25.99989,0.105,-0.16,0.3626667,-0.07,-0.52,1.14,-53.59835,1000,10087.07,238
26.04989,0.1151667,-0.1683333,0.3525,0.03,-0.28,1.3,-55.49704,1000,10116.23,238
26.09989,0.09,-0.1514167,0.3580833,0.01,-0.31,1.13,-57.20671,1000,10145.58,238
26.14989,0.09291667,-0.145,0.3605833,-0.06,-0.37,1.17,-57.41436,1000,10145.58,238
26.19989,0.08791667,-0.14375,0.4001667,0.04,-0.12,1.32,-58.39055,1000,10175.12,238
26.24989,0.08391666,-0.13625,0.35725,-0.06,-0.26,1.15,-58.08978,1000,10175.12,238
26.29988,0.1016667,-0.1366667,0.395,-0.0,-0.13,1.25,-56.75854,1000,10204.73,238
26.34988,0.06833333,-0.1526667,0.3916667,0.1,-0.03,1.3,-59.20404,1000,10234.2,238
26.39988,0.07058334,-0.1405833,0.3691667,-0.07,-0.18,1.12,-60.86036,1000,10234.2,238
26.44988,0.08391666,-0.1389167,0.3826667,-0.13,-0.51,0.78,-62.69713,1000,10264.09,238
26.49988,0.07558333,-0.1579167,0.3768333,0.0,-0.52,0.89,-62.20918,1000,10264.09,238
26.54988,0.08474999,-0.1489167,0.3875,-0.14,-0.48,0.81,-61.21432,1000,10294.11,238
26.59988,0.08225,-0.1554167,0.3958333,-0.02,-0.62,0.85,-62.29649,1000,10324.03,238
26.64988,0.09458333,-0.1441667,0.3733333,-0.02,-0.58,0.91,-59.73296,1000,10324.03,238
26.69988,0.1218333,-0.16,0.406,-0.2,-0.6,0.82,-57.18526,1000,10353.8,238
26.74988,0.1093333,-0.1675,0.3989167,0.03,-0.64,1.18,-55.43688,1000,10353.8,238
26.79988,0.1093333,-0.16,0.3683333,-0.1,-0.61,1.07,-55.07739,1000,10383.15,238
26.84988,0.1418333,-0.1876667,0.421,-0.11,-0.71,1.08,-55.14632,1000,10412.46,238
26.89988,0.1279167,-0.1951667,0.3879167,0.03,-0.56,1.19,-55.11039,1000,10412.46,238
26.94987,0.1645833,-0.18725,0.3679167,-0.08,-0.7,1.05,-52.78781,1000,10441.77,238
26.99987,0.16125,-0.2233333,0.3925,0.07,-0.58,1.33,-53.20485,1000,10441.77,238
27.04987,0.1851667,-0.2426667,0.3875,-0.01,0.04,0.82,-51.83696,1000,10470.89,238
27.09987,0.186,-0.2339167,0.375,-0.02,0.59,0.75,-52.77819,1000,10499.87,238
27.14987,0.2143333,-0.2668333,0.366,-0.02,0.45,0.68,-51.79711,1000,10499.87,238
27.19987,0.19625,-0.2954166,0.3993333,-0.04,0.69,0.74,-53.04668,1000,10528.85,238
27.24987,0.2358333,-0.30975,0.36625,0.04,0.08,0.71,-53.44858,1000,10528.85,238
27.29987,0.2251667,-0.3279166,0.3843333,-0.1,0.55,0.68,-54.88102,1000,10557.99,238
27.34987,0.2151667,-0.3780833,0.3614167,0.01,0.59,0.75,-56.19855,1000,10587.28,238
27.39987,0.2429167,-0.3664167,0.3679167,0.02,-0.0,0.67,-57.44587,1000,10587.28,238
27.44987,0.2230833,-0.401,0.3864167,-0.12,0.09,0.68,-59.24181,1000,10616.83,238
27.49987,0.23625,-0.4191667,0.3605833,0.0,-0.09,0.76,-59.32106,1000,10616.83,238
27.54987,0.23875,-0.4130834,0.395,-0.03,-0.08,0.69,-60.493,1000,10646.56,238
27.59986,0.2155833,-0.4529167,0.3768333,-0.09,-0.14,0.72,-61.70434,1000,10676.41,238
27.64986,0.2130833,-0.4351666,0.3670833,-0.01,-0.29,0.76,-62.81011,1000,10676.41,238
27.69986,0.211,-0.4585,0.3683333,0.09,0.53,1.08,-64.58175,1000,10706.49,238
27.74986,0.2083333,-0.4679167,0.3605833,-0.07,0.41,0.91,-65.06628,1000,10736.75,238
27.79986,0.2033333,-0.4541667,0.3993333,-0.03,0.69,0.99,-65.72318,1000,10736.75,238
27.84986,0.211,-0.48475,0.36625,0.06,0.52,0.73,-66.11964,1000,10767.12,238
27.89986,0.2091667,-0.4891667,0.3639167,-0.05,0.53,0.69,-66.40261,1000,10797.53,238
27.94986,0.2139167,-0.47225,0.3945833,0.0,0.67,0.75,-66.31898,1000,10797.53,238
27.99986,0.19625,-0.4726667,0.3789167,0.04,0.01,0.69,-66.64373,1000,10827.96,238
28.04986,0.23375,-0.4641667,0.386,-0.11,0.1,0.67,-65.45108,1000,10827.96,238
28.09986,0.2029167,-0.47875,0.3954167,0.0,-0.1,0.9,-65.91766,1000,10858.31,238
28.14986,0.2108333,-0.4795833,0.3605833,-0.1,-0.18,0.83,-65.52332,1000,10888.7,238
28.19986,0.2143333,-0.4779167,0.37725,-0.12,-0.71,0.88,-66.38144,1000,10888.7,238
28.24986,0.2135,-0.48225,0.36875,0.03,-0.63,1.18,-66.07803,1000,10919.14,238
28.29985,0.19875,-0.4955833,0.3389167,-0.16,-0.69,1.07,-66.70411,1000,10919.14,238
28.34985,0.2143333,-0.4851666,0.3925,-0.13,0.54,0.7,-66.81094,1000,10949.61,238
28.39985,0.2033333,-0.4875,0.3618333,0.02,-0.17,0.77,-67.22395,1000,10980.09,238
28.44985,0.2235,-0.4714167,0.3355833,-0.06,-0.19,0.69,-66.05299,1000,10980.09,238
28.49985,0.2341667,-0.4775,0.39625,-0.11,-0.31,0.73,-65.29004,1000,11010.5,238
28.54985,0.22725,-0.45975,0.381,-0.02,-0.41,1.01,-64.06936,1000,11010.5,238
28.59985,0.2268333,-0.4701666,0.33975,-0.23,-0.39,0.93,-63.93958,1000,11040.7,238
28.64985,0.2164167,-0.4814167,0.3818333,-0.01,-0.56,1.09,-64.57874,1000,11070.9,238
28.69985,0.2164167,-0.465,0.3666667,-0.03,-0.62,1.1,-65.02705,1000,11070.9,238
28.74985,0.2214167,-0.4714167,0.3605833,-0.18,-0.75,1.03,-65.22586,1000,11101.2,238
28.79985,0.1851667,-0.4645833,0.36875,0.09,-0.52,1.21,-66.05099,1000,11101.2,238
28.84985,0.2083333,-0.48475,0.3454167,-0.04,-0.56,1.12,-66.618,1000,11131.61,238
28.89985,0.226,-0.48,0.3864167,-0.07,-0.59,1.26,-66.60002,1000,11162.07,238
28.94984,0.1741667,-0.5141666,0.36225,0.01,-0.49,1.25,-67.60583,1000,11162.07,238
28.99984,0.165,-0.54625,0.3593333,-0.12,-0.13,0.73,-69.75562,1000,11192.63,238
29.04984,0.1155833,-0.60375,0.36625,-0.14,0.11,0.74,-74.54725,1000,11192.63,238
29.09984,0.07475,-0.6434999,0.3279166,0.0,-0.44,0.84,-78.57632,1000,11223.88,238
29.14984,0.03125,-0.6543334,0.3533333,-0.21,-0.34,0.73,-83.26737,1000,11255.54,238
29.19984,-0.07058334,-0.66,0.35125,-0.01,-0.43,1.03,-88.9147,1000,11255.54,238
29.24984,-0.08474999,-0.6639166,0.31725,-0.09,-0.42,0.94,-93.54818,1000,11288.23,238
29.29984,-0.12375,-0.6426666,0.3585,-0.16,-0.38,0.92,-98.0927,1000,11288.23,238
29.34984,-0.1958333,-0.6483333,0.2964167,-0.0,-0.44,1.07,-101.6604,1000,11321.84,238
29.39984,-0.1941667,-0.59975,0.3270833,-0.2,-0.73,0.93,-105.2152,1000,11355.81,238
29.44984,-0.2480833,-0.5775,0.3283334,-0.05,-0.77,1.02,-109.3313,1000,11355.81,238
29.49984,-0.2695833,-0.5575,0.31975,-0.02,-0.67,1.07,-112.331,1000,11390.54,238
29.54984,-0.2991667,-0.51475,0.3139167,-0.21,-0.79,0.99,-116.4062,1000,11390.54,238
29.59983,-0.2855834,-0.4895833,0.3266666,-0.08,0.4,0.74,-118.7423,1000,11425.98,238
29.64983,-0.345,-0.48,0.336,0.05,0.13,0.72,-122.0424,1000,11461.65,238
29.69983,-0.3133333,-0.4404167,0.3193333,-0.05,0.17,0.68,-123.7975,1000,11461.65,238
29.74983,-0.305,-0.3995833,0.3564167,-0.04,0.11,0.81,-126.1636,1000,11497.83,238
29.79983,-0.3366667,-0.3701667,0.3270833,-0.02,-0.07,0.79,-128.3569,1000,11497.83,238
29.84983,-0.29875,-0.3295834,0.3143333,-0.19,0.04,0.78,-130.6105,1000,11534.47,238
29.89983,-0.3420833,-0.3218333,0.3466667,-0.0,-0.14,0.92,-133.7414,1000,11571.33,238
29.94983,-0.3008333,-0.2864167,0.3283334,-0.12,-0.18,0.83,-135.1147,1000,11571.33,238
29.99983,-0.2758333,-0.2330833,0.3589167,-0.13,-0.18,0.87,-137.6517,1000,11608.64,238
